,Match (Closely related),Somewhat Matched,Not Related
Earnings_Mean,103266.14728980043,98723.4460309366,76741.08963486455
Earnings_Median,92000.0,89000.0,65000.0
Earnings_STD,53820.22085053832,52712.492206788935,49697.56583192869
Earnings_Min,5000.0,5000.0,5000.0
Earnings_25th_Percentile,65000.0,61000.0,42000.0
Earnings_75th_Percentile,128000.0,125000.0,98375.0
Earnings_Max,447000.0,430000.0,425000.0
